{"train/lr[0]": 9.999999747378752e-06, "train/loss_step": 0.08579082787036896, "epoch": 0, "trainer/global_step": 39, "_timestamp": 1702617071.4705453, "_runtime": 233.21736025810242, "_step": 4, "_wandb": {"runtime": 245}}