{"train/lr[0]": 9.999999747378752e-06, "train/loss_step": 0.5094906091690063, "epoch": 0, "trainer/global_step": 19, "_timestamp": 1701560824.1878228, "_runtime": 126.98912572860718, "_step": 1, "_wandb": {"runtime": 128}}